{"accuracy": 0.9544177616674219, "precision": 0.9567838185111445, "f1_score": 0.9540462745317376}